<project name="lsc-sample" default="lsc::help" basedir=".." xmlns:artifact="urn:maven-artifact-ant" xmlns:unless="ant:unless">
    
    <!-- look for properties in ~/.lsc-build.properties, ~/lsc.properties -->
	<property file="${user.home}/.${ant.project.name}-build.properties" />
	<property file="${user.home}/build.properties" />
	<property file="build.properties" />
	<property environment="env" />
    
	<property name="build.dir" value="${basedir}/target" />
	<property name="build.classes.dir" value="${build.dir}/classes" />
	<property name="src.main.dir" value="${basedir}/src/main" />
	<property name="src.test.dir" value="${basedir}/src/test" />
	<property name="build.test-classes.dir" value="${build.dir}/test-classes" />

	<condition property="java8">
		<equals arg1="${ant.java.version}" arg2="1.8" />
	</condition>
    
  <!--
	    ===================================================================
	      Start the ldap server
	    ===================================================================
	-->
	<target name="startLdapServer" description="Start the ldap server">
		<echo message="Starting OpenDJ embedded server from ${build.test-classes.dir}"/>
		<copy todir="${build.test-classes.dir}">
			<fileset dir="${src.test.dir}/java" includes="**/*.ldif*"/>
		</copy>
        
		<taskdef resource="net/sf/antcontrib/antlib.xml">
			<classpath>
				<fileset dir="${basedir}/lib" includes="**/ant-contrib*.jar"/>
			</classpath>
		</taskdef>
       
		<fail unless="execution.path" message="'execution.path' must be set"/>
        
		<forget daemon="true">
			<java classname="org.lsc.opendj.LdapServer" classpath="${build.classes.dir}:${build.test-classes.dir}:${execution.path}" fork="true" maxmemory="512M" dir="${build.test-classes.dir}">
				<arg line="-a" />
				<jvmarg line="--add-exports=java.base/sun.security.tools.keytool=ALL-UNNAMED --add-exports=java.base/sun.security.x509=ALL-UNNAMED" unless:set="java8"/>
			</java>
		</forget>
		<waitfor maxwait="100" maxwaitunit="second" checkevery="5" checkeveryunit="second">
			<socket server="127.0.0.1" port="33389"/>
		</waitfor>

	</target>

    <!--
	    ===================================================================
	      Stop the ldap server
	    ===================================================================
	-->
	<target name="stopLdapServer" description="Stop the ldap server">
		<echo message="Stopping OpenDJ embedded server"/>

		<fail unless="execution.path" message="'execution.path' must be set"/>
		<java classname="org.lsc.opendj.LdapServer" classpath="${execution.path}:${plugin.path}:${build.test-classes.dir}" fork="true" maxmemory="512M" dir="${build.test-classes.dir}">
			<arg line="-o" />
		</java>
	</target>

    <!--
        ===================================================================
          Print the help message
        ===================================================================
	-->
	<target name="lsc::help">
		<echo>
            *****************************************
            Ldap Synchronization Connector project
            *****************************************
            
            To start the embedded OpenDJ
            &gt; ant startLdapServer
            
            To stop the embedded OpenDJ
            &gt; ant stopLdapServer
            
		</echo>
	</target>
    
</project>

