<?xml version="1.0" ?>
<lsc xmlns="http://lsc-project.org/XSD/lsc-core-2.2.xsd" revision="1">
  <connections id="2">
    <ldapConnection>
      <name>ldap-dst-conn</name>
      <url>ldap://localhost:33389/dc=lsc-project,dc=org</url>
      <username>cn=Directory Manager</username>
      <password>secret</password>
      <authentication>SIMPLE</authentication>
      <referral>IGNORE</referral>
      <derefAliases>NEVER</derefAliases>
      <version>VERSION_3</version>
      <pageSize>-1</pageSize>
      <factory>com.sun.jndi.ldap.LdapCtxFactory</factory>
      <tlsActivated>false</tlsActivated>
    </ldapConnection>
    <ldapConnection>
      <name>ldap-src-conn</name>
      <url>ldap://192.168.183.129/dc=lsc-project,dc=org</url>
      <username>cn=Manager,dc=lsc-project,dc=org</username>
      <password>secret</password>
      <authentication>SIMPLE</authentication>
      <referral>IGNORE</referral>
      <derefAliases>NEVER</derefAliases>
      <version>VERSION_3</version>
      <pageSize>-1</pageSize>
      <factory>com.sun.jndi.ldap.LdapCtxFactory</factory>
      <tlsActivated>false</tlsActivated>
    </ldapConnection>
  </connections>
  <audits>
	<csvAudit>
		<name>csv</name>
		<append>true</append>
		<operations>create, delete</operations>
		<file>/tmp/audit.csv</file>
		<datasets>cn, dn</datasets>
		<separator>;</separator>
	</csvAudit>
	<ldifAudit>
		<name>ldif</name>
		<append>false</append>
		<file>/tmp/audit.ldif</file>
	</ldifAudit>
  </audits>
  <tasks>
    <task>
      <name>People</name>
      <bean>org.lsc.beans.SimpleBean</bean>
      <asyncLdapSourceService>
        <name>opends-source-service</name>
        <connection reference="ldap-src-conn" />
        <baseDn>ou=People,dc=lsc-project,dc=org</baseDn>
        <pivotAttributes>
          <string>mail</string>
        </pivotAttributes>
        <fetchedAttributes>
          <string>description</string>
          <string>cn</string>
          <string>sn</string>
          <string>userPassword</string>
          <string>objectClass</string>
          <string>uid</string>
          <string>mail</string>
        </fetchedAttributes>
        <getAllFilter>(objectClass=inetorgperson)</getAllFilter>
        <getOneFilter>(&amp;(objectClass=inetorgperson)(mail={mail}))</getOneFilter>
        <serverType>OpenDS</serverType>
      </asyncLdapSourceService>
      <ldapDestinationService>
        <name>openldap-dst-service</name>
        <connection reference="ldap-dst-conn" />
        <baseDn>ou=People,dc=lsc-project,dc=org</baseDn>
        <pivotAttributes>
          <string>mail</string>
        </pivotAttributes>
        <fetchedAttributes>
          <string>description</string>
          <string>cn</string>
          <string>sn</string>
          <string>userPassword</string>
          <string>objectClass</string>
          <string>uid</string>
          <string>mail</string>
        </fetchedAttributes>
        <getAllFilter>(objectClass=inetorgperson)</getAllFilter>
        <getOneFilter>(&amp;(objectClass=inetorgperson)(mail={mail}))</getOneFilter>
      </ldapDestinationService>
      <propertiesBasedSyncOptions>
        <mainIdentifier>"mail=" + srcBean.getDatasetFirstValueById("mail") + ",ou=People,dc=lsc-project,dc=org"</mainIdentifier>
        <defaultDelimiter>;</defaultDelimiter>
        <defaultPolicy>FORCE</defaultPolicy>
      </propertiesBasedSyncOptions>
    </task>
  </tasks>
</lsc>
