<?xml version="1.0" encoding="utf-8" standalone="yes" ?>

<installation version="1.0">

	<info>
		<appname>${project.name}</appname>
		<appversion>@{project.version}</appversion>
		<appsubpath>LSC</appsubpath>
		<url>@{project.url}</url>
		<appsubpath>LSC</appsubpath>
		<uninstaller name="uninstall.jar" path="${INSTALL_PATH}" write="yes" />
		<javaversion>1.6</javaversion>
		<requiresjdk>no</requiresjdk>
		<summarylogfilepath>$INSTALL_PATH/install-log.log</summarylogfilepath>
	</info>

	<guiprefs width="700" height="480" resizable="yes">
		<laf name="kunststoff">
			<os family="unix" />
		</laf>
		<laf name="looks">
			<os family="windows" />
			<param name="variant" value="windows" />
		</laf>
		<modifier key="useHeadingPanel" value="yes" />
		<modifier key="useHeadingForSummary" value="yes" />
		<modifier key="headingImageOnLeft" value="yes" />
		<modifier key="headingLineCount" value="2" />
		<modifier key="headingFontSize" value="1.5" />
		<modifier key="headingBackgroundColor" value="0x00ffffff" />
		<modifier key="headingPanelCounter" value="text" />
		<modifier key="headingPanelCounterPos" value="inHeading" />
	</guiprefs>

	<locale>
		<langpack iso3="eng" />
	</locale>

	<resources>
		<res id="InfoPanel.info" src="README.md"/>
		<res id="LicencePanel.licence" src="LICENSE.txt"/>
<!--		<res id="lsc-logo.png" src="src/izpack/resources/lsc-logo.png" />
		<res id="lsc-sitelogo.png" src="src/izpack/resources/lsc-sitelogo.png" />
		<res id="titlebar.png" src="src/izpack/resources/titlebar.png" /> -->
	</resources>

	<panels>
		<panel classname="CheckedHelloPanel"/>
		<panel classname="InfoPanel"/>
		<panel classname="LicencePanel"/>
		<panel classname="TargetPanel"/>
		<panel classname="SummaryPanel" />
		<panel classname="InstallPanel" />
		<panel classname="SimpleFinishPanel" />
	</panels>

	<listeners>
		<listener installer="SummaryLoggerInstallerListener">
			<os family="windows" />
		</listener>
	</listeners>

	<packs>
		<pack name="Main Application" required="yes" installGroups="default">
			<description>The directory engine synchronization.</description>
			<fileset dir="." targetdir="$INSTALL_PATH" />
		</pack>
	</packs>

	<!--
		The native libraries to add. This is required for creating shortcuts
		on Windows
	-->
	<native type="izpack" name="ShellLink.dll">
		<os family="windows"/>
	</native>

</installation>
