<!--	Build the distribution archive for LSC	-->

<assembly xmlns="http://maven.apache.org/plugins/maven-assembly-plugin/assembly/1.1.0"
  xmlns:xsi="http://www.w3.org/2001/XMLSchema-instance"
  xsi:schemaLocation="http://maven.apache.org/plugins/maven-assembly-plugin/assembly/1.1.0 http://maven.apache.org/xsd/assembly-1.1.0.xsd">
	<id>dist</id>
	<formats>
		<format>zip</format>
		<format>tar.gz</format>
	</formats>
	<baseDirectory>lsc-${project.version}</baseDirectory>

	<fileSets>
		<!-- Include text files describing the project -->
		<fileSet>
			<includes>
				<include>${project.basedir}/README*</include>
				<include>${project.basedir}/LICENSE*</include>
				<include>${project.basedir}/CHANGES*</include>
			</includes>
		</fileSet>
			
		<!-- Include the bin and etc directories -->
		<fileSet>
			<directory>bin</directory>
			<fileMode>0755</fileMode>
			<directoryMode>0755</directoryMode>
		</fileSet>
		<fileSet>
			<directory>etc</directory>
			<excludes>
				<exclude>**/.placeholder</exclude>
			</excludes>
			<fileMode>0600</fileMode>
			<directoryMode>0755</directoryMode>
		</fileSet>

		<!-- Include the sample directory and all required files -->
		<fileSet>
			<directory>sample/hsqldb/etc</directory>
			<fileMode>0644</fileMode>
			<directoryMode>0755</directoryMode>
		</fileSet>

		<fileSet>
			<directory>src/test/resources/etc/config</directory>
			<outputDirectory>sample/hsqldb/etc/config</outputDirectory>
			<fileMode>0644</fileMode>
			<directoryMode>0755</directoryMode>
		</fileSet>

		<fileSet>
			<directory>src/test/resources</directory>
			<includes>
				<include>logback-opends.xml</include>
				<include>config</include>
			</includes>
			<outputDirectory>sample/hsqldb/etc</outputDirectory>
			<fileMode>0644</fileMode>
			<directoryMode>0755</directoryMode>
		</fileSet>
		
		<fileSet>
			<includes>
				<include>sample/hsqldb/README</include>
				<include>sample/hsqldb/sample.csv</include>
			</includes>
			<fileMode>0644</fileMode>
			<directoryMode>0755</directoryMode>
		</fileSet>

		<fileSet>
			<directory>sample/hsqldb/bin</directory>
			<fileMode>0755</fileMode>
			<directoryMode>0755</directoryMode>
		</fileSet>

		<fileSet>
			<directory>sample/multi</directory>
			<fileMode>0644</fileMode>
			<directoryMode>0755</directoryMode>
		</fileSet>

		<fileSet>
			<directory>sample/nis</directory>
			<fileMode>0644</fileMode>
			<directoryMode>0755</directoryMode>
		</fileSet>


		<fileSet>
			<directory>sample/postgresql</directory>
			<fileMode>0644</fileMode>
			<directoryMode>0755</directoryMode>
		</fileSet>

		<fileSet>
			<directory>sample/syncrepl</directory>
			<fileMode>0644</fileMode>
			<directoryMode>0755</directoryMode>
		</fileSet>

		<fileSet>
			<directory>sample/hsqldb/bin</directory>
			<fileMode>0755</fileMode>
			<directoryMode>0755</directoryMode>
		</fileSet>

		<!-- Cron job -->
		<fileSet>
			<directory>src/install</directory>
			<includes> <include>lsc.cron</include> </includes>
			<outputDirectory>etc/cron.d</outputDirectory>
			<fileMode>0644</fileMode>
			<directoryMode>0755</directoryMode>
		</fileSet>

		<!-- Logrotate -->
		<fileSet>
			<directory>src/install</directory>
			<includes> <include>lsc.logrotate</include> </includes>
			<outputDirectory>etc/logrotate.d</outputDirectory>
			<fileMode>0644</fileMode>
			<directoryMode>0755</directoryMode>
		</fileSet>

		<!-- Nagios script -->
		<fileSet>
			<directory>src/install</directory>
			<includes>
				<include>check_lsc_remote.pl</include>
				<include>check_lsc_status_file.pl</include>
			</includes>
			<outputDirectory>bin</outputDirectory>
			<fileMode>0755</fileMode>
			<directoryMode>0755</directoryMode>
		</fileSet>

		<!-- Init script -->
		<fileSet>
			<directory>src/install/etc/init.d</directory>
			<includes> <include>lsc</include> </includes>
			<outputDirectory>etc/init.d</outputDirectory>
			<fileMode>0755</fileMode>
			<directoryMode>0755</directoryMode>
		</fileSet>

		<fileSet>
			<directory>src/install/etc/default</directory>
			<includes> <include>lsc</include> </includes>
			<outputDirectory>etc/default</outputDirectory>
			<fileMode>0644</fileMode>
			<directoryMode>0755</directoryMode>
		</fileSet>

		<!-- Man pages -->
		<fileSet>
			<directory>doc/man</directory>
			<includes>
				<include>man1/*</include>
				<include>man5/*</include>
			</includes>
			<outputDirectory>doc/man</outputDirectory>
			<fileMode>0644</fileMode>
			<directoryMode>0755</directoryMode>
		</fileSet>
		<fileSet>
			<directory>doc/man/html</directory>
			<outputDirectory>doc/html</outputDirectory>
			<fileMode>0644</fileMode>
			<directoryMode>0755</directoryMode>
		</fileSet>
	</fileSets>

	<!-- Include all runtime dependencies of the project -->
	<dependencySets>
		<dependencySet>
			<scope>runtime</scope>
			<outputDirectory>lib</outputDirectory>
			<excludes>
				<exclude>junit:junit</exclude>
				<exclude>org.forgerock.opendj:opendj-server</exclude>
				<exclude>postgresql:postgresql</exclude>
			</excludes>
			<fileMode>0644</fileMode>
			<directoryMode>0755</directoryMode>
		</dependencySet>
		<dependencySet>
			<outputDirectory>sample/lib</outputDirectory>
			<includes>
				<include>org.forgerock.opendj:opendj-server</include>
				<include>postgresql:postgresql</include>
				<!-- see also the tests jar included in a fileSet above -->
			</includes>
			<fileMode>0644</fileMode>
			<directoryMode>0755</directoryMode>
		</dependencySet>
	</dependencySets>
</assembly>
