<!--	This is derived from the 'project' pre-defined descriptor format from
		maven-assembly-plugin's website.
		See http://maven.apache.org/plugins/maven-assembly-plugin/descriptor-refs.html
-->

<assembly xmlns="http://maven.apache.org/plugins/maven-assembly-plugin/assembly/1.1.0"
  xmlns:xsi="http://www.w3.org/2001/XMLSchema-instance"
  xsi:schemaLocation="http://maven.apache.org/plugins/maven-assembly-plugin/assembly/1.1.0 http://maven.apache.org/xsd/assembly-1.1.0.xsd">
  <id>src</id>
  <baseDirectory>lsc-${project.version}-src</baseDirectory>
  <formats>
    <format>tar.gz</format>
  </formats>
  <fileSets>
    <fileSet>
      <directory>${project.basedir}</directory>
      <useDefaultExcludes>true</useDefaultExcludes>
      <excludes>
        <exclude>${project.build.directory}/**</exclude>
      </excludes>
    </fileSet>
  </fileSets>
</assembly>

