<?xml version="1.0" ?>
<lsc xmlns="http://lsc-project.org/XSD/lsc-core-2.2.xsd" revision="1">
  <connections>
    <ldapConnection>
      <name>ldap-src-conn</name>
      <url>ldap://127.0.0.1:33389/dc=lsc-project,dc=org</url>
      <username>cn=Directory Manager</username>
      <password>secret</password>
      <authentication>SIMPLE</authentication>
      <referral>IGNORE</referral>
      <derefAliases>NEVER</derefAliases>
      <version>VERSION_3</version>
      <pageSize>-1</pageSize>
      <factory>com.sun.jndi.ldap.LdapCtxFactory</factory>
      <tlsActivated>false</tlsActivated>
    </ldapConnection>
    <databaseConnection>
      <name>jdbc-dst-conn</name>
      <url>jdbc:postgresql://127.0.0.1:5432/lsc</url>
      <username>lsc</username>
      <password>lsc</password>
      <driver>org.postgresql.Driver</driver>
    </databaseConnection>
  </connections>
  <tasks>
    <task>
      <name>People</name>
      <bean>org.lsc.beans.SimpleBean</bean>
      <ldapSourceService>
        <name>openldap-source-service</name>
        <connection reference="ldap-src-conn" />
        <baseDn>ou=Sample,dc=lsc-project,dc=org</baseDn>
        <pivotAttributes>
          <string>mail</string>
        </pivotAttributes>
        <fetchedAttributes>
          <string>description</string>
          <string>cn</string>
          <string>sn</string>
          <string>userPassword</string>
          <string>objectClass</string>
          <string>uid</string>
          <string>mail</string>
        </fetchedAttributes>
        <getAllFilter>(&amp;(objectClass=inetorgperson)(mail=*))</getAllFilter>
        <getOneFilter>(&amp;(objectClass=inetorgperson)(mail={mail}))</getOneFilter>
        <cleanFilter>(&amp;(objectClass=inetorgperson)(mail={mail}))</cleanFilter>
      </ldapSourceService>
      <databaseDestinationService>
        <name>postgresql-src-service</name>
        <connection reference="jdbc-dst-conn" />
       	<requestNameForList>getInetOrgPersonList</requestNameForList>
       	<requestNameForObject>getInetOrgPerson</requestNameForObject>
       	<requestsNameForInsert><string>insertInetOrgPerson</string></requestsNameForInsert>
       	<requestsNameForUpdate><string>updateInetOrgPerson</string></requestsNameForUpdate>
       	<requestsNameForDelete><string>deleteInetOrgPerson</string></requestsNameForDelete>
      </databaseDestinationService>
      <propertiesBasedSyncOptions>
        <mainIdentifier>"mail="+srcBean.getDatasetFirstValueById("mail") + ",ou=Sample,dc=lsc-project,dc=org"</mainIdentifier>
        <defaultDelimiter>;</defaultDelimiter>
        <defaultPolicy>FORCE</defaultPolicy>
        <conditions>
        	<changeId>false</changeId>
        </conditions>
      </propertiesBasedSyncOptions>
    </task>
  </tasks>
</lsc>
